"Table 29. Received Mental Health Services in the Past Year, by Age Group and State: Estimated Numbers (in Thousands), Annual Averages Based on 2017 and 2018 NSDUHs",,,,,,,,,,
"NOTE: Mental Health Services are defined as having received inpatient treatment/counseling or outpatient treatment/counseling or having used prescription medication for problems with emotions, nerves, or mental health. Respondents were not to include treatment for drug or alcohol use .",,,,,,,,,,
"NOTE: State and census region estimates, along with the 95 percent Bayesian confidence (credible) intervals, are based on a survey-weighted hierarchical Bayes estimation approach and generated by Markov Chain Monte Carlo techniques. For the ""Total U.S."" row, design-based (direct) estimates and corresponding 95 percent confidence intervals are given.",,,,,,,,,,
"NOTE: The column labeled ""Order"" can be used to sort the data to the original sort order.",,,,,,,,,,
NOTE: Estimated numbers appearing as 0 in this table mean that the estimate is greater than 0 but less than 500 (because estimated numbers are shown in thousands).,,,,,,,,,,
"Source: SAMHSA, Center for Behavioral Health Statistics and Quality, National Survey on Drug Use and Health, 2017 and 2018.",,,,,,,,,,
Order,State,18 or Older Estimate,18 or Older 95% CI (Lower),18 or Older 95% CI (Upper),18-25 Estimate,18-25 95% CI (Lower),18-25 95% CI (Upper),26 or Older Estimate,26 or Older 95% CI (Lower),26 or Older 95% CI (Upper)
1,Total U.S.,"36,972","36,129","37,835","5,137","4,957","5,323","31,835","31,037","32,653"
2,Northeast,"7,050","6,743","7,368","1,007",949,"1,068","6,043","5,747","6,351"
3,Midwest,"8,710","8,400","9,030","1,267","1,205","1,330","7,444","7,141","7,757"
4,South,"12,936","12,502","13,384","1,727","1,642","1,816","11,209","10,787","11,647"
5,West,"8,276","7,928","8,637","1,137","1,065","1,213","7,139","6,804","7,490"
6,Alabama,593,517,677,68,57,81,524,451,607
7,Alaska,74,65,84,10,8,12,64,55,73
8,Arizona,795,685,921,90,73,110,705,599,827
9,Arkansas,384,339,434,48,41,57,336,293,385
10,California,"3,599","3,332","3,884",510,456,569,"3,089","2,834","3,364"
11,Colorado,742,654,839,113,97,131,629,546,723
12,Connecticut,480,421,545,70,59,81,410,354,473
13,Delaware,130,115,147,16,14,19,114,99,130
14,District of Columbia,99,88,111,14,11,16,85,75,97
15,Florida,"2,058","1,874","2,258",265,236,297,"1,793","1,614","1,988"
16,Georgia,"1,009",900,"1,130",140,119,163,869,764,987
17,Hawaii,121,104,141,15,13,18,106,90,125
18,Idaho,250,223,280,34,29,40,216,190,246
19,Illinois,"1,456","1,332","1,589",227,201,256,"1,229","1,110","1,358"
20,Indiana,852,760,952,135,115,157,717,629,815
21,Iowa,433,384,486,72,61,83,362,316,412
22,Kansas,356,314,402,50,43,59,305,265,350
23,Kentucky,642,571,719,83,71,97,558,490,634
24,Louisiana,509,444,582,65,55,76,444,382,515
25,Maine,208,184,233,28,24,32,179,157,205
26,Maryland,610,529,701,95,80,112,515,438,603
27,Massachusetts,"1,138","1,011","1,276",151,128,177,987,864,"1,122"
28,Michigan,"1,266","1,160","1,381",171,152,192,"1,096",993,"1,207"
29,Minnesota,734,650,825,112,95,130,622,543,710
30,Mississippi,302,263,346,39,32,47,263,225,306
31,Missouri,789,698,890,110,94,129,679,591,776
32,Montana,130,115,146,19,16,22,111,97,127
33,Nebraska,213,187,242,35,30,41,178,154,205
34,Nevada,324,279,376,34,28,42,290,246,341
35,New Hampshire,199,176,224,26,22,31,173,151,197
36,New Jersey,880,775,998,122,103,143,758,657,873
37,New Mexico,221,193,253,30,25,36,191,164,222
38,New York,"2,234","2,048","2,433",332,298,370,"1,901","1,723","2,095"
39,North Carolina,"1,180","1,054","1,319",148,127,171,"1,033",911,"1,167"
40,North Dakota,89,78,100,16,13,19,73,63,84
41,Ohio,"1,632","1,503","1,769",215,193,240,"1,417","1,291","1,551"
42,Oklahoma,425,372,484,62,52,73,363,313,420
43,Oregon,558,494,628,69,59,81,489,427,558
44,Pennsylvania,"1,628","1,492","1,775",240,214,268,"1,388","1,257","1,530"
45,Rhode Island,169,150,189,22,18,26,147,129,167
46,South Carolina,602,527,684,73,61,85,529,457,610
47,South Dakota,97,85,111,18,15,21,80,68,93
48,Tennessee,766,671,871,98,82,117,668,576,771
49,Texas,"2,424","2,222","2,642",358,315,405,"2,067","1,874","2,276"
50,Utah,424,380,471,75,64,88,349,308,393
51,Vermont,115,102,128,16,14,19,98,87,111
52,Virginia,941,839,"1,053",125,108,144,816,717,926
53,Washington,972,856,"1,100",127,108,148,845,734,969
54,West Virginia,263,233,296,31,26,36,232,202,265
55,Wisconsin,794,699,898,107,90,125,687,597,788
56,Wyoming,64,56,74,10,9,12,54,46,63
