"Table 24. Needing But Not Receiving Treatment at a Specialty Facility for Illicit Drug Use in the Past Year, by Age Group and State: Estimated Numbers (in Thousands), Annual Averages Based on 2017 and 2018 NSDUHs",,,,,,,,,,,,,,,,
"NOTE: Respondents were classified as needing illicit drug treatment if they met the criteria for an illicit drug use disorder as defined in the 4th edition of the Diagnostic and Statistical Manual of Mental Disorders (DSM-IV) or received treatment for illicit drug use at a specialty facility (i.e., drug and alcohol rehabilitation facility [inpatient or outpatient], hospital [inpatient only], or mental health center). Needing But Not Receiving Illicit Drug Treatment refers to respondents who are classified as needing illicit drug treatment, but who did not receive illicit drug treatment at a specialty facility. Illicit Drug Use includes the misuse of prescription psychotherapeutics or the use of marijuana, cocaine (including crack), heroin, hallucinogens, inhalants, or methamphetamine. Misuse of prescription psychotherapeutics is defined as use in any way not directed by a doctor, including use without a prescription of one's own; use in greater amounts, more often, or longer than told; or use in any other way not directed by a doctor. Prescription psychotherapeutics do not include over-the-counter drugs.",,,,,,,,,,,,,,,,
"NOTE: State and census region estimates, along with the 95 percent Bayesian confidence (credible) intervals, are based on a survey-weighted hierarchical Bayes estimation approach and generated by Markov Chain Monte Carlo techniques. For the ""Total U.S."" row, design-based (direct) estimates and corresponding 95 percent confidence intervals are given.",,,,,,,,,,,,,,,,
"NOTE: The column labeled ""Order"" can be used to sort the data to the original sort order.",,,,,,,,,,,,,,,,
NOTE: Estimated numbers appearing as 0 in this table mean that the estimate is greater than 0 but less than 500 (because estimated numbers are shown in thousands).,,,,,,,,,,,,,,,,
"Source: SAMHSA, Center for Behavioral Health Statistics and Quality, National Survey on Drug Use and Health, 2017 and 2018.",,,,,,,,,,,,,,,,
Order,State,12 or Older Estimate,12 or Older 95% CI (Lower),12 or Older 95% CI (Upper),12-17 Estimate,12-17 95% CI (Lower),12-17 95% CI (Upper),18-25 Estimate,18-25 95% CI (Lower),18-25 95% CI (Upper),26 or Older Estimate,26 or Older 95% CI (Lower),26 or Older 95% CI (Upper),18 or Older Estimate,18 or Older 95% CI (Lower),18 or Older 95% CI (Upper)
1,Total U.S.,"6,958","6,655","7,275",671,621,725,"2,365","2,243","2,494","3,922","3,661","4,202","6,288","5,990","6,599"
2,Northeast,"1,243","1,141","1,354",99,87,113,413,374,455,731,645,827,"1,143","1,045","1,251"
3,Midwest,"1,450","1,346","1,562",139,123,156,499,457,543,813,730,905,"1,311","1,211","1,419"
4,South,"2,424","2,273","2,584",247,222,274,836,775,901,"1,341","1,216","1,480","2,177","2,032","2,332"
5,West,"1,842","1,697","1,999",186,162,214,618,560,682,"1,037",918,"1,171","1,656","1,515","1,808"
6,Alabama,107,87,133,9,7,12,39,30,51,59,44,78,98,78,123
7,Alaska,18,14,22,2,1,3,6,4,7,10,8,13,16,12,20
8,Arizona,140,110,178,15,11,21,50,37,68,75,55,103,125,97,161
9,Arkansas,64,51,80,6,5,9,22,17,29,36,26,48,58,45,73
10,California,907,800,"1,027",94,76,115,297,254,348,516,430,618,813,711,930
11,Colorado,200,163,244,16,11,22,72,57,90,112,84,149,184,149,227
12,Connecticut,90,72,113,7,5,10,34,26,44,49,37,67,83,66,105
13,Delaware,23,19,29,2,2,3,7,5,9,14,10,19,21,17,27
14,District of Columbia,25,20,31,1,1,2,8,6,10,16,12,21,24,19,30
15,Florida,453,392,523,46,38,56,138,117,163,269,219,330,407,348,475
16,Georgia,215,178,259,21,15,28,79,63,99,115,89,148,194,159,236
17,Hawaii,25,20,33,3,2,4,7,5,10,15,11,22,23,17,30
18,Idaho,28,22,36,4,3,5,9,6,12,15,11,22,24,19,32
19,Illinois,273,230,324,26,21,34,95,77,116,152,120,193,247,206,296
20,Indiana,147,118,183,13,10,18,54,41,70,80,61,107,134,107,168
21,Iowa,65,52,82,6,4,8,23,17,30,36,27,49,59,46,75
22,Kansas,50,39,64,5,4,7,18,13,24,27,20,38,45,35,58
23,Kentucky,88,70,111,9,7,12,28,21,37,51,38,69,79,62,101
24,Louisiana,95,75,120,8,6,11,31,23,41,56,42,76,87,68,111
25,Maine,35,28,43,3,2,4,12,9,15,21,15,28,32,26,40
26,Maryland,123,98,154,11,8,16,43,33,57,68,50,91,111,87,141
27,Massachusetts,181,146,224,13,9,17,58,44,76,110,83,146,168,134,211
28,Michigan,208,178,243,19,15,24,76,63,91,113,90,142,189,160,223
29,Minnesota,122,97,152,13,9,17,38,28,50,72,53,96,109,86,139
30,Mississippi,56,44,70,6,4,8,19,14,25,32,23,43,50,39,64
31,Missouri,122,97,153,12,9,16,40,30,53,70,53,94,110,87,140
32,Montana,26,21,32,2,2,3,9,7,12,14,11,19,23,19,29
33,Nebraska,39,31,49,4,3,5,15,11,20,21,16,28,36,28,45
34,Nevada,87,69,108,8,6,11,31,24,39,48,35,65,79,62,100
35,New Hampshire,29,23,37,3,2,4,10,7,13,17,12,22,26,21,34
36,New Jersey,172,139,212,17,13,22,55,43,71,100,75,133,155,124,194
37,New Mexico,47,37,58,6,4,8,16,12,21,24,18,33,41,32,52
38,New York,442,377,518,33,26,42,151,127,180,258,206,322,409,347,483
39,North Carolina,219,182,264,22,17,28,75,59,95,123,95,158,197,162,241
40,North Dakota,15,12,19,1,1,2,6,5,8,8,6,11,14,11,18
41,Ohio,271,231,318,26,20,33,90,75,109,155,124,193,245,207,290
42,Oklahoma,78,63,98,9,7,12,29,22,39,40,30,53,69,55,88
43,Oregon,107,87,132,10,7,13,35,27,45,63,48,82,97,78,121
44,Pennsylvania,248,208,296,21,16,26,76,62,93,152,119,192,228,189,274
45,Rhode Island,26,21,33,2,2,3,10,7,13,14,11,20,24,19,31
46,South Carolina,98,78,122,10,7,14,33,25,43,55,41,74,88,69,111
47,South Dakota,19,15,23,2,1,3,7,5,9,10,7,13,17,13,21
48,Tennessee,134,106,170,14,10,18,42,31,56,78,58,106,120,93,155
49,Texas,456,388,534,54,42,69,175,144,211,227,179,287,401,338,476
50,Utah,55,43,69,7,5,10,21,15,29,27,20,37,48,37,62
51,Vermont,19,15,23,2,1,2,7,5,9,10,8,14,17,14,22
52,Virginia,155,128,187,15,11,20,57,45,73,82,63,107,140,114,171
53,Washington,193,156,238,19,14,25,62,48,80,112,84,149,174,139,218
54,West Virginia,36,28,45,3,2,5,11,8,15,21,16,28,32,25,41
55,Wisconsin,118,94,149,11,8,15,39,29,51,68,50,92,107,84,136
56,Wyoming,10,8,13,1,1,2,3,2,5,5,4,7,9,7,11
