"Table 16. Alcohol Use  and Binge Alcohol Use  in the Past Month among Individuals Aged 12 to 20, by State: Estimated Numbers (in Thousands), Annual Averages Based on 2017 and 2018 NSDUHs",,,,,,,
"NOTE: Binge Alcohol Use  is defined as drinking five or more drinks (for males) or four or more drinks (for females) on the same occasion (i.e., at the same time or within a couple of hours of each other) on at least 1 day in the past 30 days.",,,,,,,
"NOTE: State and census region estimates, along with the 95 percent Bayesian confidence (credible) intervals, are based on a survey-weighted hierarchical Bayes estimation approach and generated by Markov Chain Monte Carlo techniques. For the ""Total U.S."" row, design-based (direct) estimates and corresponding 95 percent confidence intervals are given.",,,,,,,
"NOTE: The column labeled ""Order"" can be used to sort the data to the original sort order.",,,,,,,
NOTE: Estimated numbers appearing as 0 in this table mean that the estimate is greater than 0 but less than 500 (because estimated numbers are shown in thousands).,,,,,,,
"Source: SAMHSA, Center for Behavioral Health Statistics and Quality, National Survey on Drug Use and Health, 2017 and 2018.",,,,,,,
Order,State,"Alcohol Use 
in Past Month  
Estimate","Alcohol Use 
in Past Month  
95% CI (Lower)","Alcohol Use 
in Past Month  
95% CI (Upper)","Binge Alcohol Use 
in Past Month  
Estimate","Binge Alcohol Use 
in Past Month  
95% CI (Lower)","Binge Alcohol Use 
in Past Month  
95% CI (Upper)"
1,Total U.S.,"7,294","7,050","7,544","4,418","4,229","4,615"
2,Northeast,"1,361","1,303","1,420",861,808,919
3,Midwest,"1,722","1,657","1,787","1,095","1,033","1,159"
4,South,"2,551","2,458","2,647","1,473","1,376","1,575"
5,West,"1,660","1,584","1,738",990,916,"1,068"
6,Alabama,115,101,130,66,56,79
7,Alaska,15,13,18,9,8,11
8,Arizona,149,128,173,90,75,107
9,Arkansas,62,54,71,37,31,45
10,California,837,777,901,500,447,558
11,Colorado,135,119,153,85,73,98
12,Connecticut,111,99,124,70,61,81
13,Delaware,18,16,21,10,9,12
14,District of Columbia,12,11,14,8,7,10
15,Florida,430,396,467,242,215,272
16,Georgia,205,181,231,116,99,136
17,Hawaii,21,18,25,13,11,16
18,Idaho,30,26,36,19,16,23
19,Illinois,297,270,327,194,172,219
20,Indiana,144,126,164,87,73,103
21,Iowa,93,83,104,60,51,69
22,Kansas,75,67,85,46,39,54
23,Kentucky,98,85,112,60,50,71
24,Louisiana,111,97,126,61,51,73
25,Maine,32,29,36,19,17,23
26,Maryland,123,107,141,66,55,79
27,Massachusetts,247,222,273,162,142,185
28,Michigan,275,253,297,169,152,189
29,Minnesota,143,127,162,92,79,107
30,Mississippi,53,45,62,31,25,37
31,Missouri,149,131,169,92,78,109
32,Montana,30,27,34,18,16,21
33,Nebraska,51,45,58,35,30,41
34,Nevada,57,49,66,31,25,38
35,New Hampshire,33,29,37,22,18,25
36,New Jersey,228,204,254,144,125,165
37,New Mexico,45,39,51,25,20,30
38,New York,397,364,433,246,219,276
39,North Carolina,220,195,247,132,113,154
40,North Dakota,24,21,27,17,14,19
41,Ohio,280,257,304,182,163,203
42,Oklahoma,73,63,84,44,36,52
43,Oregon,99,87,111,61,52,71
44,Pennsylvania,256,232,282,161,142,183
45,Rhode Island,35,31,39,23,20,26
46,South Carolina,105,91,119,71,60,83
47,South Dakota,23,21,26,15,13,18
48,Tennessee,123,106,142,69,57,83
49,Texas,608,557,663,337,295,385
50,Utah,46,37,58,31,24,40
51,Vermont,22,19,24,14,12,16
52,Virginia,159,140,181,99,85,115
53,Washington,180,158,203,98,83,116
54,West Virginia,37,32,42,23,19,27
55,Wisconsin,167,148,186,105,90,123
56,Wyoming,15,13,17,9,8,10
