"Table 9. Heroin Use in the Past Year, by Age Group and State: Estimated Numbers (in Thousands), Annual Averages Based on 2017 and 2018 NSDUHs ",,,,,,,,,,,,,,,,
"NOTE: State and census region estimates, along with the 95 percent Bayesian confidence (credible) intervals, are based on a survey-weighted hierarchical Bayes estimation approach and generated by Markov Chain Monte Carlo techniques. For the ""Total U.S."" row, design-based (direct) estimates and corresponding 95 percent confidence intervals are given.",,,,,,,,,,,,,,,,
"NOTE: The column labeled ""Order"" can be used to sort the data to the original sort order.",,,,,,,,,,,,,,,,
NOTE: Estimated numbers appearing as 0 in this table mean that the estimate is greater than 0 but less than 500 (because estimated numbers are shown in thousands).,,,,,,,,,,,,,,,,
"Source: SAMHSA, Center for Behavioral Health Statistics and Quality, National Survey on Drug Use and Health, 2017 and 2018.",,,,,,,,,,,,,,,,
Order,State,"12 or Older Estimate","12 or Older 95% CI (Lower)","12 or Older 95% CI (Upper)","12-17 Estimate","12-17 95% CI (Lower)","12-17 95% CI (Upper)","18-25 Estimate","18-25 95% CI (Lower)","18-25 95% CI (Upper)","26 or Older Estimate","26 or Older 95% CI (Lower)","26 or Older 95% CI (Upper)","18 or Older Estimate","18 or Older 95% CI (Lower)","18 or Older 95% CI (Upper)"
1,Total U.S.,847,732,980,12,7,20,186,152,227,649,543,777,835,721,968
2,Northeast,219,170,283,2,1,4,40,31,53,177,132,238,217,168,281
3,Midwest,188,145,245,3,1,6,42,33,55,143,105,195,186,143,241
4,South,280,216,362,5,2,10,66,52,85,209,153,284,275,213,355
5,West,160,116,219,3,1,7,37,27,50,120,83,175,157,115,215
6,Alabama,13,7,27,0,0,1,3,1,5,11,5,24,13,6,27
7,Alaska,3,2,6,0,0,0,0,0,1,3,1,5,3,2,6
8,Arizona,15,7,31,0,0,1,5,2,9,10,4,25,15,7,31
9,Arkansas,6,3,12,0,0,0,2,1,4,4,2,10,6,3,12
10,California,61,35,106,1,0,4,13,7,24,47,25,89,60,34,104
11,Colorado,16,8,32,0,0,1,4,2,8,12,5,27,16,8,32
12,Connecticut,12,6,24,0,0,0,2,1,4,10,4,22,12,6,24
13,Delaware,7,4,12,0,0,0,1,1,2,6,3,11,7,4,12
14,District of Columbia,2,1,5,0,0,0,0,0,1,2,1,5,2,1,5
15,Florida,52,32,84,1,0,2,11,7,18,40,22,71,51,31,83
16,Georgia,14,7,30,0,0,1,4,2,8,10,4,25,14,7,30
17,Hawaii,3,1,7,0,0,0,0,0,1,3,1,6,3,1,7
18,Idaho,4,2,9,0,0,0,1,0,2,3,2,8,4,2,9
19,Illinois,26,14,48,0,0,1,6,3,11,19,9,40,25,14,47
20,Indiana,27,15,49,0,0,1,6,3,11,21,10,41,27,15,48
21,Iowa,7,3,14,0,0,0,2,1,4,5,2,12,7,3,14
22,Kansas,6,3,12,0,0,0,2,1,3,4,1,10,5,2,12
23,Kentucky,15,8,29,0,0,1,3,2,6,12,5,25,15,8,28
24,Louisiana,8,4,17,0,0,0,2,1,4,6,2,15,8,3,17
25,Maine,8,4,14,0,0,0,1,1,2,6,3,12,8,4,14
26,Maryland,17,8,35,0,0,0,3,2,7,13,6,31,17,8,35
27,Massachusetts,31,16,58,0,0,1,5,3,10,26,13,53,31,16,58
28,Michigan,19,9,36,0,0,1,4,2,8,14,6,31,18,9,36
29,Minnesota,16,8,31,0,0,0,4,2,7,12,5,27,15,8,31
30,Mississippi,5,2,11,0,0,0,1,1,3,4,1,9,5,2,11
31,Missouri,13,7,26,0,0,1,3,2,7,10,4,22,13,6,26
32,Montana,3,1,5,0,0,0,1,0,1,2,1,4,3,1,5
33,Nebraska,3,2,8,0,0,0,1,0,2,2,1,6,3,2,8
34,Nevada,8,4,17,0,0,0,2,1,4,6,3,14,8,4,17
35,New Hampshire,5,3,9,0,0,0,1,1,2,4,2,8,5,2,9
36,New Jersey,46,25,83,0,0,1,5,3,10,40,21,77,46,25,83
37,New Mexico,5,3,10,0,0,0,1,1,2,4,2,9,5,3,10
38,New York,46,27,81,1,0,1,10,6,18,35,18,68,46,26,80
39,North Carolina,23,12,45,0,0,1,6,3,12,16,7,37,23,12,44
40,North Dakota,2,1,4,0,0,0,1,0,1,1,1,3,2,1,4
41,Ohio,48,31,74,1,0,2,9,6,14,39,23,64,47,31,73
42,Oklahoma,11,6,21,0,0,1,3,2,6,7,3,18,11,5,21
43,Oregon,14,7,27,0,0,1,2,1,4,11,5,24,13,7,27
44,Pennsylvania,64,43,96,0,0,1,14,8,22,50,31,81,64,42,96
45,Rhode Island,4,2,7,0,0,0,1,0,1,3,1,7,4,2,7
46,South Carolina,8,4,18,0,0,0,2,1,4,6,2,15,8,3,18
47,South Dakota,2,1,3,0,0,0,0,0,1,1,0,3,2,1,3
48,Tennessee,18,9,36,0,0,1,4,2,8,14,6,31,18,9,36
49,Texas,48,27,83,1,0,3,14,8,24,33,16,66,47,27,82
50,Utah,7,3,13,0,0,0,2,1,4,5,2,11,7,3,13
51,Vermont,4,2,6,0,0,0,1,0,1,3,1,6,4,2,6
52,Virginia,24,13,45,0,0,1,4,2,8,20,10,39,24,13,44
53,Washington,19,9,39,0,0,1,4,2,8,15,6,34,19,9,38
54,West Virginia,8,4,14,0,0,0,2,1,3,6,3,12,8,4,14
55,Wisconsin,20,11,39,0,0,1,4,2,8,16,7,34,20,10,39
56,Wyoming,1,1,2,0,0,0,0,0,1,1,0,2,1,0,2
