"Table 21. Pain Reliever Use Disorder in the Past Year, by Age Group and State: Estimated Numbers (in Thousands), Annual Averages Based on 2017 and 2018 NSDUHs",,,,,,,,,,,,,,,,
NOTE: Pain Reliever Use Disorder is defined as meeting criteria for pain reliever dependence or abuse. Dependence or abuse is based on definitions found in the 4th edition of the Diagnostic and Statistical Manual of Mental Disorders (DSM-IV).,,,,,,,,,,,,,,,,
"NOTE: Misuse of prescription psychotherapeutics is defined as use in any way not directed by a doctor, including use without a prescription of one's own; use in greater amounts, more often, or longer than told; or use in any other way not directed by a doctor. Prescription psychotherapeutics do not include over-the-counter drugs.",,,,,,,,,,,,,,,,
"NOTE: State and census region estimates, along with the 95 percent Bayesian confidence (credible) intervals, are based on a survey-weighted hierarchical Bayes estimation approach and generated by Markov Chain Monte Carlo techniques. For the ""Total U.S."" row, design-based (direct) estimates and corresponding 95 percent confidence intervals are given.",,,,,,,,,,,,,,,,
"NOTE: The column labeled ""Order"" can be used to sort the data to the original sort order.",,,,,,,,,,,,,,,,
NOTE: Estimated numbers appearing as 0 in this table mean that the estimate is greater than 0 but less than 500 (because estimated numbers are shown in thousands).,,,,,,,,,,,,,,,,
"Source: SAMHSA, Center for Behavioral Health Statistics and Quality, National Survey on Drug Use and Health, 2017 and 2018.",,,,,,,,,,,,,,,,
Order,State,"12 or Older Estimate","12 or Older 95% CI (Lower)","12 or Older 95% CI (Upper)","12-17 Estimate","12-17 95% CI (Lower)","12-17 95% CI (Upper)","18-25 Estimate","18-25 95% CI (Lower)","18-25 95% CI (Upper)","26 or Older Estimate","26 or Older 95% CI (Lower)","26 or Older 95% CI (Upper)","18 or Older Estimate","18 or Older 95% CI (Lower)","18 or Older 95% CI (Upper)"
1,Total U.S.,"1,686","1,527","1,862",101,82,125,293,256,337,"1,291","1,139","1,464","1,585","1,427","1,760"
2,Northeast,283,235,342,15,11,21,48,39,59,220,175,276,268,221,325
3,Midwest,374,324,431,22,17,28,66,55,80,285,239,341,352,303,409
4,South,646,566,738,37,28,47,117,98,139,493,419,580,610,531,700
5,West,383,325,451,27,20,37,62,50,77,293,240,358,356,300,422
6,Alabama,31,21,47,2,1,3,6,4,9,24,15,39,30,20,45
7,Alaska,3,2,5,0,0,0,1,0,1,3,2,4,3,2,5
8,Arizona,38,25,57,2,1,4,7,4,10,29,17,48,35,23,54
9,Arkansas,18,12,26,1,1,2,3,2,5,13,8,22,17,11,25
10,California,172,129,228,14,9,21,26,18,36,132,93,187,158,117,213
11,Colorado,32,22,47,2,1,3,7,4,10,24,15,38,30,21,45
12,Connecticut,18,12,27,1,1,2,3,2,5,13,8,23,17,11,26
13,Delaware,6,4,9,0,0,0,1,1,1,5,3,8,6,4,9
14,District of Columbia,4,3,7,0,0,0,1,0,1,4,2,6,4,3,7
15,Florida,144,106,196,6,4,10,19,13,26,119,83,171,138,100,189
16,Georgia,48,33,69,3,2,5,10,7,15,34,21,56,45,30,66
17,Hawaii,6,3,9,0,0,1,1,0,1,4,3,8,5,3,9
18,Idaho,12,8,17,1,0,1,2,1,3,9,6,15,11,7,16
19,Illinois,51,35,73,4,2,6,10,7,15,37,23,59,47,32,69
20,Indiana,40,28,59,2,1,4,8,5,12,30,19,48,38,26,56
21,Iowa,18,12,26,1,1,2,3,2,5,14,8,22,17,11,25
22,Kansas,15,10,22,1,1,2,3,2,5,11,7,18,14,9,21
23,Kentucky,32,22,47,2,1,3,5,3,8,25,16,40,30,20,45
24,Louisiana,24,16,35,1,1,2,5,3,7,18,11,29,23,15,33
25,Maine,10,6,14,0,0,1,2,1,2,8,5,12,9,6,14
26,Maryland,27,18,41,2,1,3,4,3,7,21,13,35,26,17,39
27,Massachusetts,42,28,64,2,1,3,6,4,10,34,20,56,40,26,62
28,Michigan,53,38,73,3,2,5,9,6,13,41,27,61,50,36,70
29,Minnesota,24,16,37,2,1,3,4,3,7,18,11,31,23,15,35
30,Mississippi,16,11,24,1,0,1,3,2,5,12,7,20,15,10,23
31,Missouri,36,24,53,2,1,3,6,4,9,28,17,45,34,23,51
32,Montana,6,4,9,0,0,1,1,1,2,5,3,8,6,4,9
33,Nebraska,10,7,14,1,0,1,2,1,3,7,4,11,9,6,13
34,Nevada,18,12,28,1,1,2,3,2,4,15,9,24,17,11,27
35,New Hampshire,8,5,12,0,0,1,1,1,2,6,4,10,8,5,12
36,New Jersey,42,28,62,3,2,4,6,4,9,33,21,53,39,26,59
37,New Mexico,9,6,14,1,0,1,2,1,3,7,4,11,9,6,13
38,New York,87,63,121,5,3,8,15,10,21,67,45,101,82,58,115
39,North Carolina,50,36,72,3,2,5,9,6,14,38,25,59,47,33,68
40,North Dakota,4,3,5,0,0,0,1,1,1,3,2,4,4,2,5
41,Ohio,88,64,121,4,3,7,13,9,19,71,49,102,84,60,116
42,Oklahoma,22,15,33,1,1,2,4,3,6,17,11,28,21,14,32
43,Oregon,26,18,40,1,1,2,4,2,6,21,13,34,25,17,38
44,Pennsylvania,67,47,93,3,2,5,13,9,18,51,33,77,63,45,90
45,Rhode Island,5,4,8,0,0,0,1,1,2,4,2,7,5,3,8
46,South Carolina,27,18,41,1,1,2,6,4,9,20,12,34,26,17,39
47,South Dakota,5,3,8,0,0,1,1,1,1,4,2,7,5,3,7
48,Tennessee,42,29,61,2,1,3,8,5,12,32,20,51,40,27,59
49,Texas,99,70,141,8,5,14,24,16,34,67,42,108,91,63,131
50,Utah,16,11,23,1,1,2,4,3,6,11,7,18,15,10,22
51,Vermont,5,3,7,0,0,0,1,0,1,4,2,6,4,3,7
52,Virginia,43,30,62,2,1,4,7,5,11,33,21,52,40,28,59
53,Washington,41,28,60,3,2,4,6,4,9,33,21,51,39,26,57
54,West Virginia,12,8,17,1,0,1,2,1,3,9,6,15,11,7,16
55,Wisconsin,30,19,46,2,1,3,6,4,9,22,13,38,28,18,44
56,Wyoming,3,2,5,0,0,0,1,0,1,2,1,4,3,2,4
