"Table 26. Needing But Not Receiving Treatment at a Specialty Facility for Substance Use in the Past Year, by Age Group and State: Estimated Numbers (in Thousands), Annual Averages Based on 2017 and 2018 NSDUHs",,,,,,,,,,,,,,,,
"NOTE: Respondents were classified as needing substance use treatment if they met the criteria for an illicit drug or Alcohol Use  disorder as defined in the 4th edition of the Diagnostic and Statistical Manual of Mental Disorders (DSM-IV) or received treatment for illicit drug or Alcohol Use  at a specialty facility (i.e., drug and alcohol rehabilitation facility [inpatient or outpatient], hospital [inpatient only], or mental health center). Needing But Not Receiving Substance Use Treatment refers to respondents who are classified as needing illicit drug or alcohol treatment, but who did not receive illicit drug or alcohol treatment at a specialty facility. Illicit Drug Use includes the misuse of prescription psychotherapeutics or the use of marijuana, cocaine (including crack), heroin, hallucinogens, inhalants, or methamphetamine. Misuse of prescription psychotherapeutics is defined as use in any way not directed by a doctor, including use without a prescription of one's own; use in greater amounts, more often, or longer than told; or use in any other way not directed by a doctor. Prescription psychotherapeutics do not include over-the-counter drugs.",,,,,,,,,,,,,,,,
"NOTE: State and census region estimates, along with the 95 percent Bayesian confidence (credible) intervals, are based on a survey-weighted hierarchical Bayes estimation approach and generated by Markov Chain Monte Carlo techniques. For the ""Total U.S."" row, design-based (direct) estimates and corresponding 95 percent confidence intervals are given.",,,,,,,,,,,,,,,,
"NOTE: The column labeled ""Order"" can be used to sort the data to the original sort order.",,,,,,,,,,,,,,,,
NOTE: Estimated numbers appearing as 0 in this table mean that the estimate is greater than 0 but less than 500 (because estimated numbers are shown in thousands).,,,,,,,,,,,,,,,,
"Source: SAMHSA, Center for Behavioral Health Statistics and Quality, National Survey on Drug Use and Health, 2017 and 2018.",,,,,,,,,,,,,,,,
Order,State,"12 or Older Estimate","12 or Older 95% CI (Lower)","12 or Older 95% CI (Upper)","12-17 Estimate","12-17 95% CI (Lower)","12-17 95% CI (Upper)","18-25 Estimate","18-25 95% CI (Lower)","18-25 95% CI (Upper)","26 or Older Estimate","26 or Older 95% CI (Lower)","26 or Older 95% CI (Upper)","18 or Older Estimate","18 or Older 95% CI (Lower)","18 or Older 95% CI (Upper)"
1,Total U.S.,"18,531","18,020","19,055",903,842,968,"4,807","4,640","4,979","12,821","12,357","13,301","17,628","17,123","18,147"
2,Northeast,"3,300","3,116","3,495",139,124,156,895,836,956,"2,267","2,102","2,444","3,161","2,980","3,354"
3,Midwest,"3,913","3,729","4,105",194,176,213,"1,055",995,"1,118","2,664","2,501","2,837","3,719","3,539","3,907"
4,South,"6,400","6,115","6,699",328,297,361,"1,637","1,547","1,730","4,436","4,176","4,712","6,073","5,792","6,367"
5,West,"4,917","4,655","5,193",242,216,271,"1,221","1,138","1,309","3,454","3,215","3,710","4,675","4,416","4,948"
6,Alabama,264,223,312,13,10,16,67,54,81,185,151,226,252,212,299
7,Alaska,49,42,57,3,2,3,11,9,14,35,29,42,46,39,55
8,Arizona,393,329,469,21,16,27,102,82,126,271,217,336,372,309,447
9,Arkansas,169,143,199,9,7,11,43,36,53,117,95,143,160,135,189
10,California,"2,458","2,249","2,683",119,100,141,600,533,673,"1,740","1,555","1,945","2,339","2,134","2,563"
11,Colorado,504,434,584,20,15,27,130,111,153,353,292,426,484,415,563
12,Connecticut,231,197,269,10,7,13,71,59,84,150,123,184,221,188,259
13,Delaware,60,51,72,3,2,3,14,11,17,44,36,54,58,49,69
14,District of Columbia,65,56,76,2,1,2,15,13,18,48,40,58,64,54,74
15,Florida,"1,098",985,"1,225",58,48,70,252,222,286,788,685,905,"1,040",929,"1,165"
16,Georgia,520,449,602,26,20,33,136,114,161,358,298,430,494,424,575
17,Hawaii,75,63,89,4,3,5,18,15,22,53,43,66,71,59,85
18,Idaho,95,80,112,6,4,8,22,18,27,67,54,82,89,74,106
19,Illinois,778,693,872,38,31,47,199,173,229,540,468,623,740,657,832
20,Indiana,357,304,420,17,13,23,104,85,126,236,193,288,340,288,401
21,Iowa,206,177,239,10,8,13,61,51,73,135,112,162,196,168,229
22,Kansas,154,130,182,8,6,11,43,35,52,103,83,126,146,123,173
23,Kentucky,230,193,272,12,10,16,56,45,69,162,131,199,217,182,259
24,Louisiana,284,241,335,11,9,15,70,58,84,203,167,247,273,230,323
25,Maine,95,81,112,4,3,5,22,19,27,69,57,84,91,78,107
26,Maryland,306,255,366,14,11,19,77,63,95,214,171,266,291,242,350
27,Massachusetts,472,404,549,18,14,23,140,118,166,313,258,380,454,387,530
28,Michigan,557,498,622,26,21,32,148,129,169,383,332,442,531,473,595
29,Minnesota,302,256,357,16,13,21,79,64,96,207,169,254,286,241,339
30,Mississippi,141,118,169,8,6,10,35,28,44,98,79,122,134,111,161
31,Missouri,331,279,392,16,12,21,80,65,99,235,191,288,315,264,375
32,Montana,75,64,87,4,3,5,19,16,22,53,43,63,71,61,84
33,Nebraska,111,95,129,6,4,7,35,29,42,71,58,86,105,90,124
34,Nevada,200,169,237,10,8,13,49,40,59,141,115,174,190,159,226
35,New Hampshire,96,82,112,4,3,5,26,22,31,66,54,80,92,78,108
36,New Jersey,489,419,570,23,18,30,126,106,150,340,280,411,466,397,546
37,New Mexico,115,97,136,7,6,10,31,25,38,76,61,94,107,90,128
38,New York,"1,122","1,010","1,246",46,38,56,288,253,326,788,689,901,"1,076",965,"1,199"
39,North Carolina,531,460,612,27,21,35,132,111,157,371,312,441,504,434,583
40,North Dakota,48,41,56,2,2,3,15,13,18,30,25,37,46,39,53
41,Ohio,646,578,721,34,27,41,169,149,191,443,383,512,612,545,686
42,Oklahoma,234,197,277,12,9,16,61,50,74,160,130,198,222,186,264
43,Oregon,313,270,363,13,10,16,73,61,86,227,189,273,300,257,350
44,Pennsylvania,676,599,762,30,24,37,186,162,212,461,394,537,646,570,732
45,Rhode Island,70,60,82,3,2,4,21,17,25,46,38,57,67,57,79
46,South Carolina,283,240,334,14,10,18,78,65,94,191,155,235,270,227,319
47,South Dakota,56,48,66,3,2,4,17,14,20,37,30,45,53,45,62
48,Tennessee,344,288,409,19,14,24,84,68,103,241,194,298,325,271,390
49,Texas,"1,311","1,181","1,454",74,60,91,368,324,416,870,756,999,"1,237","1,109","1,379"
50,Utah,138,115,165,9,7,12,43,34,55,86,69,107,129,106,156
51,Vermont,50,43,57,2,2,3,15,12,17,33,27,40,47,41,55
52,Virginia,467,404,540,22,17,27,125,106,147,320,266,384,445,383,517
53,Washington,473,402,555,25,19,33,116,97,138,332,271,404,447,379,528
54,West Virginia,92,77,109,5,4,6,22,18,27,65,52,81,87,72,104
55,Wisconsin,366,311,430,17,13,22,105,87,125,244,198,300,349,294,412
56,Wyoming,30,25,36,2,1,2,7,6,9,21,17,26,28,23,34
