"Table 11. Methamphetamine Use in the Past Year, by Age Group and State: Estimated Numbers (in Thousands), Annual Averages Based on 2017 and 2018 NSDUHs",,,,,,,,,,,,,,,,
"NOTE: State and census region estimates, along with the 95 percent Bayesian confidence (credible) intervals, are based on a survey-weighted hierarchical Bayes estimation approach and generated by Markov Chain Monte Carlo techniques. For the ""Total U.S."" row, design-based (direct) estimates and corresponding 95 percent confidence intervals are given.",,,,,,,,,,,,,,,,
"NOTE: The column labeled ""Order"" can be used to sort the data to the original sort order.",,,,,,,,,,,,,,,,
NOTE: Estimated numbers appearing as 0 in this table mean that the estimate is greater than 0 but less than 500 (because estimated numbers are shown in thousands).,,,,,,,,,,,,,,,,
"Source: SAMHSA, Center for Behavioral Health Statistics and Quality, National Survey on Drug Use and Health, 2017 and 2018.",,,,,,,,,,,,,,,,
Order,State,"12 or Older Estimate","12 or Older 95% CI (Lower)","12 or Older 95% CI (Upper)","12-17 Estimate","12-17 95% CI (Lower)","12-17 95% CI (Upper)","18-25 Estimate","18-25 95% CI (Lower)","18-25 95% CI (Upper)","26 or Older Estimate","26 or Older 95% CI (Lower)","26 or Older 95% CI (Upper)","18 or Older Estimate","18 or Older 95% CI (Lower)","18 or Older 95% CI (Upper)"
1,Total U.S.,"1,750","1,595","1,920",45,34,61,324,281,373,"1,380","1,237","1,540","1,704","1,550","1,874"
2,Northeast,172,128,232,6,4,10,28,20,40,138,99,192,166,123,225
3,Midwest,354,297,423,11,8,16,76,60,95,268,218,328,343,287,410
4,South,620,525,731,18,12,28,116,95,143,485,403,585,602,509,711
5,West,604,505,720,10,6,17,104,80,134,489,400,599,593,496,710
6,Alabama,46,29,72,1,1,3,8,5,14,36,21,61,44,28,71
7,Alaska,6,4,9,0,0,0,1,0,1,5,3,8,5,3,9
8,Arizona,75,46,122,1,1,2,14,8,25,60,35,102,74,45,120
9,Arkansas,22,14,36,1,0,1,5,3,8,17,9,29,22,13,35
10,California,293,222,385,4,2,8,43,28,66,245,181,332,288,219,380
11,Colorado,46,29,74,1,0,2,9,5,15,36,21,62,46,28,73
12,Connecticut,10,5,20,0,0,1,1,1,3,8,4,17,9,5,19
13,Delaware,6,3,10,0,0,0,1,0,2,5,3,9,6,3,10
14,District of Columbia,2,1,5,0,0,0,0,0,1,2,1,4,2,1,4
15,Florida,83,55,126,2,1,4,11,7,19,70,44,110,81,53,124
16,Georgia,44,26,73,2,1,3,7,4,12,35,20,62,42,25,71
17,Hawaii,11,7,19,0,0,0,1,1,2,10,6,17,11,6,18
18,Idaho,11,7,19,0,0,1,2,1,4,9,5,15,11,6,18
19,Illinois,38,23,64,1,1,2,4,2,9,33,19,57,37,22,63
20,Indiana,48,30,76,2,1,3,13,8,22,33,19,57,46,29,74
21,Iowa,22,14,37,1,0,1,5,3,9,17,10,30,22,13,37
22,Kansas,25,15,40,1,0,1,5,3,9,19,11,32,24,15,39
23,Kentucky,39,25,60,1,1,2,9,6,16,28,17,47,37,24,59
24,Louisiana,22,13,37,1,0,2,4,2,7,17,10,31,21,12,36
25,Maine,6,3,10,0,0,0,1,1,2,4,2,8,5,3,10
26,Maryland,14,7,28,1,0,1,2,1,4,12,6,25,14,7,28
27,Massachusetts,19,10,39,1,0,1,2,1,5,16,8,34,19,9,38
28,Michigan,33,21,52,1,1,3,6,4,11,25,15,42,32,20,50
29,Minnesota,43,26,68,1,1,2,9,5,15,33,20,55,41,26,67
30,Mississippi,19,12,32,1,0,1,4,2,7,15,9,26,19,11,31
31,Missouri,45,29,70,1,1,2,10,6,17,33,20,56,43,27,68
32,Montana,9,6,13,0,0,0,2,1,4,6,4,10,8,5,13
33,Nebraska,11,6,18,0,0,1,3,2,6,7,4,14,10,6,18
34,Nevada,32,20,51,0,0,1,7,4,11,25,15,43,32,20,51
35,New Hampshire,6,4,12,0,0,0,1,1,3,5,2,9,6,3,11
36,New Jersey,22,11,43,1,0,2,2,1,5,19,9,40,21,10,43
37,New Mexico,16,10,26,0,0,1,4,2,6,12,7,21,16,10,26
38,New York,44,25,77,2,1,4,6,3,12,37,20,67,42,24,75
39,North Carolina,49,30,80,1,1,3,8,5,15,39,23,67,48,29,79
40,North Dakota,6,4,10,0,0,0,2,1,3,4,2,7,6,4,10
41,Ohio,45,29,70,2,1,3,9,5,14,34,21,57,43,27,68
42,Oklahoma,34,22,53,1,1,2,8,5,13,25,15,42,33,21,52
43,Oregon,36,23,56,1,0,1,7,4,11,28,17,47,35,22,55
44,Pennsylvania,57,38,86,2,1,3,13,8,21,42,26,68,55,36,84
45,Rhode Island,4,2,8,0,0,0,1,0,1,4,2,7,4,2,8
46,South Carolina,27,16,44,1,0,2,6,3,10,20,11,36,26,15,43
47,South Dakota,5,3,8,0,0,0,1,1,2,3,2,6,4,3,8
48,Tennessee,43,26,71,1,1,2,10,5,17,33,19,57,42,25,69
49,Texas,127,88,182,3,2,6,25,16,40,98,64,149,123,85,179
50,Utah,16,10,27,1,0,1,4,2,8,11,6,20,16,9,27
51,Vermont,3,2,6,0,0,0,1,0,1,2,1,5,3,2,6
52,Virginia,26,15,45,1,0,2,4,2,8,21,11,39,25,14,45
53,Washington,50,30,82,1,1,2,9,5,15,40,23,69,49,30,81
54,West Virginia,18,12,27,1,0,1,4,3,7,13,8,22,17,11,27
55,Wisconsin,35,21,58,1,1,2,8,5,14,26,14,46,34,20,57
56,Wyoming,3,2,5,0,0,0,1,0,1,2,1,4,3,2,5
