"Table 5. First Use of Marijuana, by Age Group and State: Average Annual Number (in Thousands) of Marijuana Initiates, Based on 2017 and 2018 NSDUHs",,,,,,,,,,,,,,,,
"NOTE: First use of marijuana (or average annual number of marijuana initiates) = X1  / 2, where X1 is the number of marijuana initiates in the past 24 months. For details, see Section B of the �2017-2018 NSDUH: Guide to State Tables and Summary of Small Area Estimation Methodology� at https://www.samhsa.gov/data/.",,,,,,,,,,,,,,,,
"NOTE: State and census region estimates, along with the 95 percent Bayesian confidence (credible) intervals, are based on a survey-weighted hierarchical Bayes estimation approach and generated by Markov Chain Monte Carlo techniques. For the ""Total U.S."" row, design-based (direct) estimates and corresponding 95 percent confidence intervals are given. ",,,,,,,,,,,,,,,,
"NOTE: The column labeled ""Order"" can be used to sort the data to the original sort order.",,,,,,,,,,,,,,,,
NOTE: Estimated numbers appearing as 0 in this table mean that the estimate is greater than 0 but less than 500 (because estimated numbers are shown in thousands).,,,,,,,,,,,,,,,,
"Source: SAMHSA, Center for Behavioral Health Statistics and Quality, National Survey on Drug Use and Health, 2017 and 2018.",,,,,,,,,,,,,,,,
Order,State,"12 or Older Estimate","12 or Older 95% CI (Lower)","12 or Older 95% CI (Upper)","12-17 Estimate","12-17 95% CI (Lower)","12-17 95% CI (Upper)","18-25 Estimate","18-25 95% CI (Lower)","18-25 95% CI (Upper)","26 or Older Estimate","26 or Older 95% CI (Lower)","26 or Older 95% CI (Upper)","18 or Older Estimate","18 or Older 95% CI (Lower)","18 or Older 95% CI (Upper)"
1,Total U.S.,"3,317","3,195","3,443","1,229","1,178","1,283","1,485","1,415","1,558",602,534,679,"2,087","1,979","2,201"
2,Northeast,575,533,619,207,192,224,269,246,294,99,76,128,368,331,408
3,Midwest,727,683,772,270,252,288,338,313,365,119,96,147,457,419,499
4,South,"1,088","1,027","1,153",437,409,467,484,449,522,167,135,206,651,598,708
5,West,927,861,998,315,291,341,394,360,431,217,175,270,612,552,677
6,Alabama,40,32,49,14,11,18,19,15,25,7,3,14,26,19,35
7,Alaska,9,7,11,4,3,5,3,2,4,2,1,4,5,4,7
8,Arizona,77,61,98,25,20,32,31,24,40,21,11,39,52,38,72
9,Arkansas,24,20,29,11,8,13,10,8,13,3,1,6,13,10,18
10,California,468,422,520,169,149,190,204,178,233,96,68,134,300,258,348
11,Colorado,70,57,85,25,20,31,29,23,37,15,9,27,45,34,59
12,Connecticut,43,35,52,18,14,22,18,14,23,8,4,14,26,19,34
13,Delaware,10,8,12,4,3,5,4,3,5,2,1,4,6,4,8
14,District of Columbia,8,7,10,2,2,3,4,3,5,2,1,4,6,4,8
15,Florida,184,162,208,72,62,82,82,71,96,29,19,47,112,93,134
16,Georgia,96,81,113,42,35,52,40,32,50,13,7,23,53,41,69
17,Hawaii,10,9,13,4,4,6,5,3,6,1,1,3,6,4,8
18,Idaho,15,13,19,7,6,9,7,5,9,1,1,3,8,6,11
19,Illinois,127,110,147,53,46,62,55,46,66,19,11,31,74,60,91
20,Indiana,70,58,84,28,23,34,33,26,42,9,5,18,42,32,55
21,Iowa,33,27,41,11,9,14,17,13,22,5,3,10,23,17,30
22,Kansas,33,27,41,12,9,14,15,12,19,7,4,12,22,16,29
23,Kentucky,40,32,49,16,12,20,18,14,23,6,3,12,24,18,32
24,Louisiana,39,32,48,15,11,18,18,14,24,6,3,13,25,18,33
25,Maine,19,15,24,5,4,6,7,6,9,7,4,12,15,11,20
26,Maryland,56,46,68,22,18,27,25,19,31,9,4,18,34,25,45
27,Massachusetts,92,77,112,31,25,38,47,38,59,14,7,29,62,48,79
28,Michigan,124,109,141,43,37,50,57,49,66,24,16,37,81,67,97
29,Minnesota,59,49,72,20,16,25,28,22,35,11,6,20,39,30,51
30,Mississippi,28,23,34,11,9,14,13,10,17,4,2,8,17,13,23
31,Missouri,67,55,82,22,18,27,33,26,41,13,7,23,45,35,59
32,Montana,12,10,14,4,3,5,6,4,7,2,1,3,7,6,10
33,Nebraska,20,16,24,8,7,10,9,7,12,2,1,5,11,8,15
34,Nevada,34,28,43,11,8,14,14,11,18,10,5,17,24,18,32
35,New Hampshire,15,12,18,6,5,7,7,5,9,2,1,4,9,7,12
36,New Jersey,88,74,105,33,27,40,41,33,51,14,8,26,55,43,71
37,New Mexico,25,20,30,10,8,12,10,7,12,5,3,9,15,11,20
38,New York,190,166,217,66,58,76,88,75,103,35,23,55,124,103,149
39,North Carolina,90,76,106,37,31,44,40,32,50,13,7,24,53,41,68
40,North Dakota,7,6,9,2,2,3,4,3,5,1,1,2,5,4,7
41,Ohio,123,108,141,43,37,51,60,51,70,20,13,33,80,66,97
42,Oklahoma,36,29,45,14,11,18,16,12,20,6,3,12,22,16,30
43,Oregon,58,47,71,16,13,20,24,19,30,18,11,29,42,32,54
44,Pennsylvania,105,90,122,42,35,50,50,41,59,13,7,25,63,51,78
45,Rhode Island,14,12,17,4,4,5,6,5,8,3,2,6,10,7,13
46,South Carolina,44,36,53,19,15,23,20,15,25,6,3,12,25,19,34
47,South Dakota,7,6,9,3,2,4,3,3,5,1,1,2,5,3,6
48,Tennessee,50,40,62,24,19,30,21,15,28,5,2,12,26,18,36
49,Texas,265,234,300,102,87,119,119,102,139,44,29,67,163,137,194
50,Utah,34,27,42,10,8,13,16,13,21,7,4,13,23,18,31
51,Vermont,8,7,10,3,2,4,4,3,5,1,1,2,5,4,7
52,Virginia,66,55,79,27,22,33,29,23,37,10,5,18,39,30,50
53,Washington,110,89,136,28,22,35,44,35,54,38,24,62,82,62,108
54,West Virginia,14,11,17,6,5,8,6,4,8,2,1,4,8,6,10
55,Wisconsin,55,45,66,24,19,29,24,19,31,7,3,14,31,23,42
56,Wyoming,6,5,7,2,2,3,2,2,3,1,1,2,3,2,5
