"Table 30. Had Serious Thoughts of Suicide in the Past Year, by Age Group and State: Estimated Numbers (in Thousands), Annual Averages Based on 2017 and 2018 NSDUHs",,,,,,,,,,
"NOTE: Respondents were asked, ""At any time in the past 12 months, did you seriously think about trying to kill yourself?"" If they answered ""Yes,"" they were categorized as having serious thoughts of suicide in the past year. ",,,,,,,,,,
"NOTE: State and census region estimates, along with the 95 percent Bayesian confidence (credible) intervals, are based on a survey-weighted hierarchical Bayes estimation approach and generated by Markov Chain Monte Carlo techniques. For the ""Total U.S."" row, design-based (direct) estimates and corresponding 95 percent confidence intervals are given.",,,,,,,,,,
"NOTE: The column labeled ""Order"" can be used to sort the data to the original sort order.",,,,,,,,,,
NOTE: Estimated numbers appearing as 0 in this table mean that the estimate is greater than 0 but less than 500 (because estimated numbers are shown in thousands).,,,,,,,,,,
"Source: SAMHSA, Center for Behavioral Health Statistics and Quality, National Survey on Drug Use and Health, 2017 and 2018.",,,,,,,,,,
Order,State,"18 or Older Estimate","18 or Older 95% CI (Lower)","18 or Older 95% CI (Upper)","18-25 Estimate","18-25 95% CI (Lower)","18-25 95% CI (Upper)","26 or Older Estimate","26 or Older 95% CI (Lower)","26 or Older 95% CI (Upper)"
1,Total U.S.,"10,770","10,360","11,177","3,668","3,528","3,813","7,102","6,739","7,484"
2,Northeast,"1,776","1,636","1,923",614,570,661,"1,162","1,039","1,298"
3,Midwest,"2,411","2,265","2,562",839,790,890,"1,572","1,445","1,710"
4,South,"3,872","3,648","4,101","1,302","1,231","1,376","2,570","2,373","2,783"
5,West,"2,712","2,516","2,917",914,849,983,"1,798","1,628","1,985"
6,Alabama,165,135,202,56,46,67,110,84,144
7,Alaska,31,26,37,10,8,12,21,16,26
8,Arizona,237,190,295,82,66,101,156,117,207
9,Arkansas,106,86,130,34,28,41,72,55,94
10,California,"1,232","1,092","1,387",435,384,492,797,678,936
11,Colorado,237,193,289,78,65,93,159,121,207
12,Connecticut,125,102,154,45,37,55,80,60,106
13,Delaware,38,30,47,10,8,12,28,21,36
14,District of Columbia,23,19,29,8,6,10,16,12,20
15,Florida,610,528,704,199,175,226,411,338,499
16,Georgia,314,261,376,105,88,125,209,164,266
17,Hawaii,49,39,61,15,12,18,34,25,45
18,Idaho,69,57,84,23,19,27,47,36,60
19,Illinois,376,321,439,137,117,159,239,193,294
20,Indiana,262,218,315,92,76,110,171,133,218
21,Iowa,129,105,157,42,34,51,87,67,112
22,Kansas,103,85,125,38,31,46,65,50,85
23,Kentucky,157,129,190,51,42,62,105,82,135
24,Louisiana,159,128,196,48,39,59,111,84,145
25,Maine,52,42,63,16,13,19,36,27,47
26,Maryland,188,152,231,65,53,78,123,93,163
27,Massachusetts,268,219,327,91,75,109,177,136,231
28,Michigan,319,273,370,117,102,135,201,163,248
29,Minnesota,195,160,236,71,58,87,123,95,159
30,Mississippi,107,87,129,36,30,44,70,54,91
31,Missouri,219,182,263,76,63,91,143,112,183
32,Montana,42,35,51,14,12,17,28,22,36
33,Nebraska,61,50,74,23,19,28,38,29,50
34,Nevada,107,87,131,34,28,42,73,55,95
35,New Hampshire,53,43,64,17,14,21,35,27,46
36,New Jersey,239,195,292,87,71,104,153,116,201
37,New Mexico,67,54,83,24,19,29,43,32,58
38,New York,558,479,648,199,173,229,358,291,440
39,North Carolina,358,300,424,117,98,138,241,192,301
40,North Dakota,29,24,35,11,9,14,17,14,22
41,Ohio,461,401,529,145,127,165,316,263,379
42,Oklahoma,132,108,159,47,39,57,84,66,109
43,Oregon,175,143,213,52,43,63,123,95,158
44,Pennsylvania,416,356,483,135,117,157,280,228,343
45,Rhode Island,39,32,47,14,11,17,25,19,33
46,South Carolina,189,153,232,59,49,71,130,99,169
47,South Dakota,27,22,33,11,9,14,16,12,21
48,Tennessee,230,186,283,74,61,90,156,119,205
49,Texas,756,660,863,282,245,323,474,394,570
50,Utah,141,118,168,55,45,66,86,68,109
51,Vermont,26,21,32,9,7,11,17,13,23
52,Virginia,267,223,319,90,75,108,177,140,223
53,Washington,303,246,371,85,70,102,218,168,282
54,West Virginia,75,60,92,21,17,25,54,41,70
55,Wisconsin,231,187,283,76,63,90,155,118,203
56,Wyoming,22,18,26,7,6,9,14,11,19
