"Table 6. Illicit Drug Use Other Than Marijuana in the Past Month, by Age Group and State: Estimated Numbers (in Thousands), Annual Averages Based on 2017 and 2018 NSDUHs  ",,,,,,,,,,,,,,,,
"NOTE: Illicit Drug Use Other Than Marijuana Use includes the misuse of prescription psychotherapeutics or the use of cocaine (including crack), heroin, hallucinogens, inhalants, or methamphetamine. Misuse of prescription psychotherapeutics is defined as use in any way not directed by a doctor, including use without a prescription of one's own; use in greater amounts, more often, or longer than told; or use in any other way not directed by a doctor. Prescription psychotherapeutics do not include over-the-counter drugs.",,,,,,,,,,,,,,,,
"NOTE: State and census region estimates, along with the 95 percent Bayesian confidence (credible) intervals, are based on a survey-weighted hierarchical Bayes estimation approach and generated by Markov Chain Monte Carlo techniques. For the ""Total U.S."" row, design-based (direct) estimates and corresponding 95 percent confidence intervals are given.",,,,,,,,,,,,,,,,
"NOTE: The column labeled ""Order"" can be used to sort the data to the original sort order.",,,,,,,,,,,,,,,,
NOTE: Estimated numbers appearing as 0 in this table mean that the estimate is greater than 0 but less than 500 (because estimated numbers are shown in thousands).,,,,,,,,,,,,,,,,
"Source: SAMHSA, Center for Behavioral Health Statistics and Quality, National Survey on Drug Use and Health, 2017 and 2018.",,,,,,,,,,,,,,,,
Order,State,12 or Older Estimate,12 or Older 95% CI (Lower),12 or Older 95% CI (Upper),12-17 Estimate,12-17 95% CI (Lower),12-17 95% CI (Upper),18-25 Estimate,18-25 95% CI (Lower),18-25 95% CI (Upper),26 or Older Estimate,26 or Older 95% CI (Lower),26 or Older 95% CI (Upper),18 or Older Estimate,18 or Older 95% CI (Lower),18 or Older 95% CI (Upper)
1,Total U.S.,"9,007","8,632","9,398",597,548,650,"2,243","2,120","2,373","6,167","5,828","6,525","8,410","8,039","8,798"
2,Northeast,"1,564","1,440","1,698",87,76,101,420,381,463,"1,056",947,"1,177","1,476","1,355","1,608"
3,Midwest,"1,907","1,781","2,041",129,114,146,501,461,545,"1,276","1,165","1,397","1,778","1,655","1,909"
4,South,"3,254","3,052","3,469",229,204,256,786,727,848,"2,240","2,054","2,442","3,025","2,828","3,237"
5,West,"2,282","2,111","2,467",151,131,175,536,484,593,"1,595","1,438","1,769","2,131","1,962","2,313"
6,Alabama,143,114,179,11,8,15,31,23,41,101,77,133,132,105,167
7,Alaska,20,16,25,1,1,2,4,3,6,14,11,19,19,15,24
8,Arizona,183,144,232,12,8,17,39,29,54,131,99,175,171,133,219
9,Arkansas,90,72,112,6,4,8,20,15,27,64,49,83,84,67,105
10,California,"1,163","1,027","1,316",75,60,93,264,223,313,824,702,967,"1,088",955,"1,239"
11,Colorado,220,182,265,13,9,18,59,47,74,148,116,189,207,170,252
12,Connecticut,112,90,139,6,4,9,31,24,39,75,56,99,106,84,132
13,Delaware,28,22,35,1,1,2,6,4,8,21,16,27,27,21,34
14,District of Columbia,32,25,40,1,1,1,7,5,10,24,18,31,31,25,39
15,Florida,569,491,660,36,28,45,118,98,140,416,345,502,534,457,623
16,Georgia,264,219,317,18,13,24,61,48,77,185,146,233,246,203,298
17,Hawaii,33,26,41,2,1,3,8,6,10,23,17,31,30,24,39
18,Idaho,38,30,47,4,3,5,9,6,12,25,19,34,34,26,43
19,Illinois,348,296,408,24,18,31,97,80,118,227,184,279,324,274,383
20,Indiana,209,171,255,14,10,19,57,45,74,138,107,177,195,159,240
21,Iowa,91,74,111,6,4,8,25,19,32,60,46,78,85,68,105
22,Kansas,77,62,94,6,4,8,20,15,26,51,39,66,71,57,88
23,Kentucky,119,95,149,8,6,11,26,19,34,85,65,112,111,88,140
24,Louisiana,129,103,162,9,7,12,29,22,38,92,70,120,120,95,152
25,Maine,36,29,44,2,1,3,9,7,11,25,19,32,34,27,42
26,Maryland,164,132,204,10,7,14,41,31,53,113,86,148,154,123,192
27,Massachusetts,239,195,293,12,9,17,67,52,86,160,124,207,227,184,280
28,Michigan,306,265,354,20,15,25,83,70,99,203,168,246,287,246,333
29,Minnesota,161,131,198,11,8,15,43,33,56,107,82,139,150,120,186
30,Mississippi,78,63,97,6,4,8,19,14,25,53,41,69,72,57,90
31,Missouri,150,118,189,11,8,16,33,25,45,105,78,141,139,108,177
32,Montana,32,26,39,2,2,3,9,7,11,21,16,27,30,24,37
33,Nebraska,46,37,58,4,3,5,15,11,20,28,21,37,43,34,54
34,Nevada,88,71,110,6,4,8,19,14,25,64,49,84,82,65,104
35,New Hampshire,40,33,50,3,2,4,13,10,16,25,19,33,38,30,47
36,New Jersey,198,159,248,13,9,18,46,35,61,139,106,183,185,147,234
37,New Mexico,53,42,66,4,3,6,14,10,18,35,27,47,49,39,62
38,New York,554,478,642,29,23,36,144,121,172,381,315,460,525,451,611
39,North Carolina,257,212,313,20,15,26,68,53,86,170,132,219,238,194,292
40,North Dakota,18,14,23,1,1,2,5,4,7,12,9,16,17,14,22
41,Ohio,309,264,361,21,16,27,75,62,91,213,174,261,288,245,340
42,Oklahoma,113,91,140,8,6,12,33,25,43,72,54,94,105,84,131
43,Oregon,149,121,182,9,7,12,37,29,47,102,79,132,140,113,172
44,Pennsylvania,323,273,384,19,15,25,93,77,112,211,168,266,304,254,363
45,Rhode Island,37,30,46,2,1,3,10,8,13,25,19,32,35,28,44
46,South Carolina,152,124,188,10,7,14,36,28,47,106,82,138,142,114,177
47,South Dakota,21,16,26,2,1,2,5,4,7,13,10,18,19,15,24
48,Tennessee,181,146,224,12,9,17,44,33,58,125,96,162,169,134,211
49,Texas,682,590,786,55,43,71,180,151,213,447,368,541,626,538,728
50,Utah,72,58,89,8,6,11,23,17,30,42,31,56,65,51,81
51,Vermont,23,19,29,1,1,2,8,6,10,14,11,19,22,18,27
52,Virginia,205,169,248,14,10,19,57,45,72,134,105,172,191,156,233
53,Washington,221,178,273,15,11,21,48,37,63,157,120,204,205,164,257
54,West Virginia,47,38,58,3,2,4,11,9,15,33,25,42,44,35,55
55,Wisconsin,172,138,214,11,8,15,42,32,55,119,91,156,161,128,202
56,Wyoming,12,10,16,1,1,1,3,2,4,8,6,11,11,9,15
