"Table 25. Needing But Not Receiving Treatment at a Specialty Facility for Alcohol Use  in the Past Year, by Age Group and State: Estimated Numbers (in Thousands), Annual Averages Based on 2017 and 2018 NSDUHs",,,,,,,,,,,,,,,,
"NOTE: Respondents were classified as needing alcohol treatment if they met the criteria for an Alcohol Use  disorder as defined in the 4th edition of the Diagnostic and Statistical Manual of Mental Disorders (DSM-IV) or received treatment for Alcohol Use  at a specialty facility (i.e., drug and alcohol rehabilitation facility [inpatient or outpatient], hospital [inpatient only], or mental health center). Needing But Not Receiving Alcohol Treatment refers to respondents who are classified as needing alcohol treatment, but who did not receive alcohol treatment at a specialty facility.",,,,,,,,,,,,,,,,
"NOTE: State and census region estimates, along with the 95 percent Bayesian confidence (credible) intervals, are based on a survey-weighted hierarchical Bayes estimation approach and generated by Markov Chain Monte Carlo techniques. For the ""Total U.S."" row, design-based (direct) estimates and corresponding 95 percent confidence intervals are given.",,,,,,,,,,,,,,,,
"NOTE: The column labeled ""Order"" can be used to sort the data to the original sort order.",,,,,,,,,,,,,,,,
NOTE: Estimated numbers appearing as 0 in this table mean that the estimate is greater than 0 but less than 500 (because estimated numbers are shown in thousands).,,,,,,,,,,,,,,,,
"Source: SAMHSA, Center for Behavioral Health Statistics and Quality, National Survey on Drug Use and Health, 2017 and 2018.",,,,,,,,,,,,,,,,
Order,State,"12 or Older Estimate","12 or Older 95% CI (Lower)","12 or Older 95% CI (Upper)","12-17 Estimate","12-17 95% CI (Lower)","12-17 95% CI (Upper)","18-25 Estimate","18-25 95% CI (Lower)","18-25 95% CI (Upper)","26 or Older Estimate","26 or Older 95% CI (Lower)","26 or Older 95% CI (Upper)","18 or Older Estimate","18 or Older 95% CI (Lower)","18 or Older 95% CI (Upper)"
1,Total U.S.,"14,012","13,555","14,483",413,370,460,"3,315","3,176","3,460","10,284","9,864","10,720","13,599","13,145","14,068"
2,Northeast,"2,492","2,323","2,674",65,55,76,617,571,666,"1,810","1,658","1,976","2,427","2,260","2,607"
3,Midwest,"3,026","2,856","3,206",91,79,104,763,714,815,"2,172","2,018","2,337","2,935","2,767","3,113"
4,South,"4,750","4,509","5,002",144,125,166,"1,084","1,014","1,159","3,522","3,304","3,753","4,606","4,369","4,855"
5,West,"3,744","3,512","3,989",113,95,133,851,784,922,"2,780","2,569","3,007","3,631","3,402","3,874"
6,Alabama,187,151,232,6,4,9,39,31,50,142,110,181,181,145,225
7,Alaska,37,31,44,1,1,2,9,7,11,27,22,33,36,30,43
8,Arizona,302,245,372,10,7,14,74,58,94,218,170,279,292,236,361
9,Arkansas,125,103,151,5,3,7,28,23,35,91,73,114,120,99,145
10,California,"1,889","1,711","2,084",54,42,70,419,367,478,"1,416","1,255","1,596","1,835","1,659","2,028"
11,Colorado,371,312,441,9,6,13,84,70,101,278,226,342,362,304,430
12,Connecticut,169,140,205,5,3,7,44,36,53,121,96,152,164,135,199
13,Delaware,48,39,58,1,1,2,10,8,12,37,30,47,47,38,57
14,District of Columbia,54,45,64,1,0,1,11,9,14,42,34,51,53,44,63
15,Florida,789,693,898,22,17,29,158,135,184,608,521,710,766,671,875
16,Georgia,367,306,440,12,8,17,83,67,102,273,219,338,355,296,427
17,Hawaii,60,49,74,2,1,3,14,11,18,44,34,57,58,47,72
18,Idaho,75,61,91,3,2,4,17,14,22,55,43,70,72,59,88
19,Illinois,618,540,706,19,14,25,145,123,170,454,386,534,599,522,686
20,Indiana,257,210,312,8,5,12,71,56,88,178,139,227,249,203,303
21,Iowa,170,143,202,5,3,7,50,41,61,115,93,143,165,138,197
22,Kansas,124,102,151,5,3,7,34,27,42,86,67,108,120,98,146
23,Kentucky,170,138,208,6,4,8,38,30,48,126,99,160,164,134,202
24,Louisiana,227,188,273,6,4,9,47,37,58,174,139,216,221,182,267
25,Maine,68,56,83,2,1,3,14,11,17,52,41,66,66,54,81
26,Maryland,229,183,285,6,4,9,52,40,65,172,132,222,223,178,279
27,Massachusetts,357,297,429,9,6,13,101,83,124,247,196,309,348,289,419
28,Michigan,424,368,487,12,9,16,99,84,116,313,264,370,412,357,474
29,Minnesota,231,189,281,7,4,10,60,48,75,164,128,209,224,183,274
30,Mississippi,101,81,125,3,2,5,22,17,29,75,58,97,97,78,121
31,Missouri,244,200,298,8,5,11,53,41,67,184,146,232,237,193,290
32,Montana,63,53,75,2,1,3,14,12,17,47,38,57,61,51,73
33,Nebraska,89,74,107,3,2,4,26,21,32,60,48,75,86,71,103
34,Nevada,130,106,160,4,3,6,28,22,35,99,77,125,126,102,156
35,New Hampshire,75,62,91,2,1,3,20,16,25,53,42,67,74,61,89
36,New Jersey,356,295,428,10,7,15,89,73,109,256,204,321,345,286,417
37,New Mexico,84,68,103,3,2,4,20,16,25,61,47,78,81,65,100
38,New York,848,743,968,20,15,27,182,156,212,646,552,755,828,723,947
39,North Carolina,387,322,463,12,9,17,85,69,104,290,233,359,374,311,449
40,North Dakota,40,34,47,1,1,2,12,10,15,26,21,33,39,32,46
41,Ohio,468,407,539,15,11,20,115,99,134,338,283,403,454,393,523
42,Oklahoma,178,145,216,5,4,8,42,33,52,130,103,164,172,141,210
43,Oregon,253,213,300,7,5,10,52,43,63,194,158,237,246,207,292
44,Pennsylvania,526,456,605,14,10,19,141,121,163,371,310,443,511,443,590
45,Rhode Island,54,45,66,1,1,2,15,12,18,38,30,48,53,44,64
46,South Carolina,220,179,270,6,4,8,53,43,66,161,125,206,214,174,264
47,South Dakota,46,39,55,2,1,2,13,10,15,32,26,40,45,37,53
48,Tennessee,252,204,311,9,6,13,57,44,73,187,146,238,243,196,301
49,Texas,993,879,"1,122",32,24,44,254,218,296,707,609,820,961,848,"1,087"
50,Utah,106,86,131,5,3,7,32,25,41,69,54,89,102,82,125
51,Vermont,38,31,45,1,1,2,10,8,12,26,21,33,36,30,44
52,Virginia,361,309,421,10,7,14,90,75,107,261,215,315,351,300,410
53,Washington,347,286,422,12,8,18,81,65,100,254,201,319,335,275,407
54,West Virginia,64,52,79,2,1,3,15,12,19,47,36,61,62,50,77
55,Wisconsin,316,264,377,9,6,13,86,70,104,221,177,276,307,256,367
56,Wyoming,25,21,31,1,1,1,6,5,7,18,14,24,24,20,30
