"Table 31. Major Depressive Episode in the Past Year, by Age Group and State: Estimated Numbers (in Thousands), Annual Averages Based on 2017 and 2018 NSDUHs",,,,,,,,,,,,,
"NOTE: Major depressive episode (MDE) is defined as in the 5th edition of the Diagnostic and Statistical Manual of Mental Disorders (DSM-5), which specifies a period of at least 2 weeks when an individual experienced a depressed mood or loss of interest or pleasure in daily activities and had a majority of specified depression symptoms. For details, see Section B of the ""2017-2018 NSDUH: Guide to State Tables and Summary of Small Area Estimation Methodology"" at https://www.samhsa.gov/data/.",,,,,,,,,,,,,
"NOTE: There are minor wording differences in the questions in the adult and adolescent MDE modules. Therefore, data from youths aged 12 to 17 were not combined with data from adults aged 18 or older to produce an estimate for those aged 12 or older. ",,,,,,,,,,,,,
"NOTE: State and census region estimates, along with the 95 percent Bayesian confidence (credible) intervals, are based on a survey-weighted hierarchical Bayes estimation approach and generated by Markov Chain Monte Carlo techniques. For the ""Total U.S."" row, design-based (direct) estimates and corresponding 95 percent confidence intervals are given.",,,,,,,,,,,,,
"NOTE: The column labeled ""Order"" can be used to sort the data to the original sort order.",,,,,,,,,,,,,
NOTE: Estimated numbers appearing as 0 in this table mean that the estimate is greater than 0 but less than 500 (because estimated numbers are shown in thousands).,,,,,,,,,,,,,
"Source: SAMHSA, Center for Behavioral Health Statistics and Quality, National Survey on Drug Use and Health, 2017 and 2018.",,,,,,,,,,,,,
Order,State,"18 or Older Estimate","18 or Older 95% CI (Lower)","18 or Older 95% CI (Upper)","12-17 Estimate","12-17 95% CI (Lower)","12-17 95% CI (Upper)","18-25 Estimate","18-25 95% CI (Lower)","18-25 95% CI (Upper)","26 or Older Estimate","26 or Older 95% CI (Lower)","26 or Older 95% CI (Upper)"
1,Total U.S.,"17,708","17,170","18,242","3,449","3,327","3,576","4,580","4,422","4,743","13,128","12,634","13,641"
2,Northeast,"2,972","2,789","3,163",497,465,531,762,710,817,"2,210","2,038","2,397"
3,Midwest,"4,022","3,824","4,225",781,740,823,"1,038",981,"1,098","2,984","2,800","3,179"
4,South,"6,365","6,071","6,665","1,293","1,228","1,360","1,598","1,515","1,684","4,767","4,492","5,059"
5,West,"4,349","4,100","4,606",879,827,934,"1,183","1,104","1,265","3,166","2,938","3,412"
6,Alabama,311,259,371,49,41,58,59,48,72,252,202,312
7,Alaska,42,36,50,9,8,10,10,9,12,32,26,39
8,Arizona,383,320,458,89,75,104,100,82,121,284,225,357
9,Arkansas,186,157,218,35,30,41,44,37,52,142,115,174
10,California,"2,019","1,830","2,224",415,374,459,591,528,661,"1,428","1,255","1,623"
11,Colorado,368,313,431,60,50,72,103,88,121,264,214,326
12,Connecticut,196,163,235,39,33,46,53,44,63,143,112,181
13,Delaware,60,50,71,9,8,11,13,11,15,47,38,58
14,District of Columbia,46,39,54,3,3,4,12,9,14,35,29,42
15,Florida,"1,021",906,"1,149",189,168,211,242,214,273,779,670,904
16,Georgia,551,478,634,108,92,127,151,129,176,401,332,482
17,Hawaii,66,55,79,12,10,15,15,12,18,51,41,64
18,Idaho,107,92,125,26,22,30,30,26,36,77,62,94
19,Illinois,661,582,748,148,130,168,178,155,204,483,410,567
20,Indiana,434,373,504,84,72,99,108,90,129,326,269,394
21,Iowa,197,167,231,37,31,44,48,40,58,148,120,182
22,Kansas,161,136,190,35,30,42,42,35,50,119,96,147
23,Kentucky,284,240,335,46,39,55,60,49,72,224,182,275
24,Louisiana,286,240,339,46,39,55,60,50,71,226,184,278
25,Maine,89,75,104,14,12,16,21,18,25,68,55,83
26,Maryland,293,245,350,59,49,70,82,68,98,211,166,267
27,Massachusetts,393,332,463,67,56,79,113,95,135,279,224,348
28,Michigan,573,508,645,117,104,132,147,128,168,426,366,496
29,Minnesota,315,269,367,61,51,72,99,83,117,216,173,268
30,Mississippi,171,144,203,29,25,35,38,31,46,134,108,165
31,Missouri,420,357,493,69,58,81,85,70,103,335,275,408
32,Montana,63,54,74,11,9,13,17,14,20,47,38,57
33,Nebraska,97,82,114,22,19,26,29,24,35,68,55,84
34,Nevada,162,135,193,35,29,41,43,35,51,119,95,150
35,New Hampshire,88,74,104,14,12,17,21,18,26,66,54,82
36,New Jersey,385,324,456,82,69,97,103,85,122,282,227,351
37,New Mexico,114,95,136,29,25,34,31,26,37,83,66,104
38,New York,987,876,"1,111",157,139,177,245,214,280,742,638,862
39,North Carolina,548,471,635,119,103,137,136,115,159,412,341,497
40,North Dakota,47,41,55,7,6,9,13,11,16,34,28,42
41,Ohio,713,636,797,123,109,138,179,159,202,534,462,616
42,Oklahoma,237,201,279,52,44,61,61,51,73,176,142,216
43,Oregon,289,246,337,52,44,60,64,53,76,225,185,272
44,Pennsylvania,724,641,817,109,95,125,178,156,202,547,467,639
45,Rhode Island,67,57,80,10,8,12,16,13,19,52,42,64
46,South Carolina,270,227,320,51,43,60,63,52,75,207,167,256
47,South Dakota,41,35,49,9,7,10,14,12,17,27,21,35
48,Tennessee,356,300,422,63,53,75,87,72,105,269,218,332
49,Texas,"1,218","1,089","1,358",325,289,365,354,311,401,864,748,998
50,Utah,217,189,249,51,43,60,64,54,76,153,128,183
51,Vermont,43,36,50,6,5,7,12,10,14,31,25,38
52,Virginia,402,341,472,90,77,104,111,95,130,290,235,358
53,Washington,487,414,572,85,72,99,106,89,126,381,312,464
54,West Virginia,125,105,148,18,15,22,26,22,31,99,80,122
55,Wisconsin,363,310,423,68,58,79,95,80,112,268,219,327
56,Wyoming,30,25,36,7,6,8,8,7,10,22,18,28
