"Table 16. Alcohol Use and Binge Alcohol Use in the Past Month among Individuals Aged 12 to 20, by State: Percentages, Annual Averages Based on 2017 and 2018 NSDUHs  ",,,,,,,
"NOTE: Binge Alcohol Use is defined as drinking five or more drinks (for males) or four or more drinks (for females) on the same occasion (i.e., at the same time or within a couple of hours of each other) on at least 1 day in the past 30 days.",,,,,,,
"NOTE: State and census region estimates, along with the 95 percent Bayesian confidence (credible) intervals, are based on a survey-weighted hierarchical Bayes estimation approach and generated by Markov Chain Monte Carlo techniques. For the ""Total U.S."" row, design-based (direct) estimates and corresponding 95 percent confidence intervals are given.",,,,,,,
"NOTE: The column labeled ""Order"" can be used to sort the data to the original sort order.",,,,,,,
"Source: SAMHSA, Center for Behavioral Health Statistics and Quality, National Survey on Drug Use and Health, 2017 and 2018.",,,,,,,
Order,State,"Alcohol Use
in Past Month
(Estimate)","Alcohol Use
in Past Month
95% CI (Lower)","Alcohol Use
in Past Month
95% CI (Upper)","Binge Alcohol Use
in Past Month
(Estimate)","Binge Alcohol Use
in Past Month
95% CI (Lower)","Binge Alcohol Use
in Past Month
95% CI (Upper)"
1,Total U.S.,19.25%,18.60%,19.91%,11.66%,11.16%,12.18%
2,Northeast,22.01%,21.08%,22.97%,13.93%,13.06%,14.86%
3,Midwest,21.20%,20.41%,22.01%,13.48%,12.72%,14.28%
4,South,17.54%,16.90%,18.20%,10.13%,9.46%,10.83%
5,West,18.35%,17.51%,19.21%,10.94%,10.13%,11.80%
6,Alabama,18.85%,16.54%,21.41%,10.91%,9.18%,12.92%
7,Alaska,17.67%,15.17%,20.47%,10.63%,8.91%,12.63%
8,Arizona,17.19%,14.75%,19.93%,10.30%,8.58%,12.33%
9,Arkansas,16.84%,14.57%,19.37%,10.09%,8.41%,12.08%
10,California,18.09%,16.78%,19.47%,10.81%,9.67%,12.06%
11,Colorado,21.70%,19.12%,24.53%,13.59%,11.65%,15.80%
12,Connecticut,26.18%,23.35%,29.21%,16.62%,14.37%,19.14%
13,Delaware,17.72%,15.29%,20.43%,10.20%,8.51%,12.18%
14,District of Columbia,23.27%,20.06%,26.81%,15.75%,13.17%,18.72%
15,Florida,19.24%,17.69%,20.88%,10.80%,9.60%,12.14%
16,Georgia,15.95%,14.11%,17.98%,9.05%,7.69%,10.62%
17,Hawaii,15.88%,13.64%,18.41%,9.98%,8.27%,11.99%
18,Idaho,14.27%,12.05%,16.82%,9.09%,7.47%,11.02%
19,Illinois,19.84%,18.01%,21.81%,12.97%,11.50%,14.60%
20,Indiana,18.90%,16.55%,21.49%,11.41%,9.61%,13.49%
21,Iowa,24.26%,21.63%,27.09%,15.56%,13.42%,17.97%
22,Kansas,20.91%,18.45%,23.61%,12.67%,10.78%,14.83%
23,Kentucky,18.14%,15.78%,20.76%,11.15%,9.33%,13.27%
24,Louisiana,20.74%,18.09%,23.66%,11.48%,9.63%,13.63%
25,Maine,23.27%,20.75%,25.99%,14.08%,12.12%,16.29%
26,Maryland,19.01%,16.50%,21.80%,10.20%,8.49%,12.21%
27,Massachusetts,29.84%,26.88%,32.99%,19.63%,17.16%,22.35%
28,Michigan,22.66%,20.88%,24.55%,13.99%,12.54%,15.57%
29,Minnesota,21.90%,19.34%,24.69%,14.05%,11.99%,16.40%
30,Mississippi,14.48%,12.37%,16.88%,8.31%,6.86%,10.05%
31,Missouri,20.29%,17.80%,23.03%,12.53%,10.59%,14.76%
32,Montana,25.57%,22.71%,28.66%,15.59%,13.41%,18.04%
33,Nebraska,21.26%,18.75%,24.01%,14.64%,12.65%,16.88%
34,Nevada,16.76%,14.44%,19.38%,9.07%,7.45%,10.99%
35,New Hampshire,23.47%,20.72%,26.48%,15.28%,13.00%,17.86%
36,New Jersey,22.04%,19.73%,24.53%,13.94%,12.14%,15.96%
37,New Mexico,18.11%,15.74%,20.76%,10.06%,8.28%,12.17%
38,New York,19.37%,17.76%,21.08%,11.97%,10.65%,13.43%
39,North Carolina,18.36%,16.28%,20.65%,11.03%,9.43%,12.88%
40,North Dakota,26.47%,23.62%,29.53%,18.43%,15.94%,21.20%
41,Ohio,20.38%,18.69%,22.18%,13.25%,11.88%,14.77%
42,Oklahoma,16.26%,13.98%,18.83%,9.76%,8.13%,11.67%
43,Oregon,21.73%,19.24%,24.44%,13.42%,11.54%,15.55%
44,Pennsylvania,18.67%,16.92%,20.56%,11.77%,10.35%,13.34%
45,Rhode Island,27.40%,24.39%,30.62%,17.65%,15.30%,20.28%
46,South Carolina,17.69%,15.46%,20.16%,11.94%,10.15%,14.00%
47,South Dakota,22.27%,19.74%,25.03%,14.82%,12.76%,17.15%
48,Tennessee,16.20%,13.97%,18.71%,9.08%,7.51%,10.93%
49,Texas,16.43%,15.05%,17.92%,9.12%,7.98%,10.41%
50,Utah,10.51%,8.40%,13.09%,7.12%,5.52%,9.13%
51,Vermont,31.51%,28.43%,34.76%,20.75%,18.06%,23.73%
52,Virginia,17.35%,15.27%,19.65%,10.78%,9.26%,12.52%
53,Washington,21.86%,19.24%,24.73%,11.92%,10.04%,14.11%
54,West Virginia,19.24%,16.64%,22.13%,11.92%,9.98%,14.17%
55,Wisconsin,23.65%,21.05%,26.46%,14.96%,12.79%,17.41%
56,Wyoming,21.10%,18.48%,23.99%,12.67%,10.79%,14.83%
